Temporada;Ep. Nome;Ep. N.;Nota;Série
1;Winter Is Coming;1;9.1;Game Of Thrones
1;The Kingsroad;2;8.8;Game Of Thrones
1;Lord Snow;3;8.7;Game Of Thrones
1;Cripples, Bastards, and Broken Things;4;8.8;Game Of Thrones
1;The Wolf and the Lion;5;9.1;Game Of Thrones
1;A Golden Crown;6;9.2;Game Of Thrones
1;You Win or You Die;7;9.3;Game Of Thrones
1;The Pointy End;8;9.1;Game Of Thrones
1;Baelor;9;9.6;Game Of Thrones
1;Fire and Blood;10;9.5;Game Of Thrones
2;The North Remembers;1;8.9;Game Of Thrones
2;The Night Lands;2;8.6;Game Of Thrones
2;What Is Dead May Never Die;3;8.9;Game Of Thrones
2;Garden of Bones;4;8.9;Game Of Thrones
2;The Ghost of Harrenhal;5;8.9;Game Of Thrones
2;The Old Gods and the New;6;9.1;Game Of Thrones
2;A Man Without Honor;7;9.0;Game Of Thrones
2;The Prince of Winterfell;8;8.9;Game Of Thrones
2;Blackwater;9;9.7;Game Of Thrones
2;Valar Morghulis;10;9.5;Game Of Thrones
3;Valar Dohaeris;1;8.9;Game Of Thrones
3;Dark Wings, Dark Words;2;8.7;Game Of Thrones
3;Walk of Punishment;3;8.9;Game Of Thrones
3;And Now His Watch Is Ended;4;9.6;Game Of Thrones
3;Kissed by Fire;5;9.1;Game Of Thrones
3;The Climb;6;8.9;Game Of Thrones
3;The Bear and the Maiden Fair;7;8.8;Game Of Thrones
3;Second Sons;8;9.1;Game Of Thrones
3;The Rains of Castamere;9;9.9;Game Of Thrones
3;Mhysa;10;9.2;Game Of Thrones
4;Two Swords;1;9.2;Game Of Thrones
4;The Lion and the Rose;2;9.7;Game Of Thrones
4;Breaker of Chains;3;8.9;Game Of Thrones
4;Oathkeeper;4;8.9;Game Of Thrones
4;First of His Name;5;8.8;Game Of Thrones
4;The Laws of Gods and Men;6;9.7;Game Of Thrones
4;Mockingbird;7;9.2;Game Of Thrones
4;The Mountain and the Viper;8;9.7;Game Of Thrones
4;The Watchers on the Wall;9;9.6;Game Of Thrones
4;The Children;10;9.7;Game Of Thrones
5;The Wars to Come;1;8.6;Game Of Thrones
5;The House of Black and White;2;8.6;Game Of Thrones
5;High Sparrow;3;8.6;Game Of Thrones
5;Sons of the Harpy;4;8.8;Game Of Thrones
5;Kill the Boy;5;8.7;Game Of Thrones
5;Unbowed, Unbent, Unbroken;6;8.1;Game Of Thrones
5;The Gift;7;9.1;Game Of Thrones
5;Hardhome;8;9.9;Game Of Thrones
5;The Dance of Dragons;9;9.5;Game Of Thrones
5;Mother's Mercy;10;9.1;Game Of Thrones
6;The Red Woman;1;8.6;Game Of Thrones
6;Home;2;9.4;Game Of Thrones
6;Oathbreaker;3;8.8;Game Of Thrones
6;Book of the Stranger;4;9.2;Game Of Thrones
6;The Door;5;9.7;Game Of Thrones
6;Blood of My Blood;6;8.5;Game Of Thrones
6;The Broken Man;7;8.7;Game Of Thrones
6;No One;8;8.5;Game Of Thrones
6;Battle of the Bastards;9;9.9;Game Of Thrones
6;The Winds of Winter;10;9.9;Game Of Thrones
7;Dragonstone;1;8.7;Game Of Thrones
7;Stormborn;2;9.0;Game Of Thrones
7;The Queen's Justice;3;9.2;Game Of Thrones
7;The Spoils of War;4;9.8;Game Of Thrones
7;Eastwatch;5;8.9;Game Of Thrones
7;Beyond the Wall;6;9.0;Game Of Thrones
7;The Dragon and the Wolf;7;9.5;Game Of Thrones
8;Winterfell;1;7.6;Game Of Thrones
8;A Knight of the Seven Kingdoms;2;7.9;Game Of Thrones
8;The Long Night;3;7.6;Game Of Thrones
8;The Last of the Starks;4;5.6;Game Of Thrones
8;The Bells;5;6.1;Game Of Thrones
8;The Iron Throne;6;4.2;Game Of Thrones
1;Pilot;1;8.9;Breaking Bad
1;Cat's in the Bag...;2;8.7;Breaking Bad
1;...And the Bag's in the River;3;8.7;Breaking Bad
1;Cancer Man;4;8.2;Breaking Bad
1;Gray Matter;5;8.3;Breaking Bad
1;Crazy Handful of Nothin';6;9.2;Breaking Bad
1;A No-Rough-Stuff-Type Deal;7;8.8;Breaking Bad
2;Seven Thirty-Seven;1;8.7;Breaking Bad
2;Grilled;2;9.2;Breaking Bad
2;Bit by a Dead Bee;3;8.3;Breaking Bad
2;Down;4;8.1;Breaking Bad
2;Breakage;5;8.3;Breaking Bad
2;Peekaboo;6;8.8;Breaking Bad
2;Negro Y Azul;7;8.7;Breaking Bad
2;Better Call Saul;8;9.0;Breaking Bad
2;4 Days Out;9;8.9;Breaking Bad
2;Over;10;8.6;Breaking Bad
2;Mandala;11;8.8;Breaking Bad
2;Phoenix;12;9.1;Breaking Bad
2;ABQ;13;9.1;Breaking Bad
3;No Más;1;8.6;Breaking Bad
3;Caballo sin Nombre;2;8.7;Breaking Bad
3;I.F.T.;3;8.4;Breaking Bad
3;Green Light;4;8.1;Breaking Bad
3;Más;5;8.7;Breaking Bad
3;Sunset;6;9.2;Breaking Bad
3;One Minute;7;9.5;Breaking Bad
3;I See You;8;8.8;Breaking Bad
3;Kafkaesque;9;8.4;Breaking Bad
3;Fly;10;7.6;Breaking Bad
3;Abiquiu;11;8.5;Breaking Bad
3;Half Measures;12;9.4;Breaking Bad
3;Full Measure;13;9.5;Breaking Bad
4;Box Cutter;1;9.1;Breaking Bad
4;Thirty-Eight Snub;2;8.2;Breaking Bad
4;Open House;3;7.9;Breaking Bad
4;Bullet Points;4;8.7;Breaking Bad
4;Shotgun;5;8.7;Breaking Bad
4;Cornered;6;8.5;Breaking Bad
4;Problem Dog;7;8.8;Breaking Bad
4;Hermanos;8;9.1;Breaking Bad
4;Bug;9;8.8;Breaking Bad
4;Salud;10;9.5;Breaking Bad
4;Crawl Space;11;9.5;Breaking Bad
4;End Times;12;9.4;Breaking Bad
4;Face Off;13;9.8;Breaking Bad
5;Live Free or Die;1;9.2;Breaking Bad
5;Madrigal;2;8.8;Breaking Bad
5;Hazard Pay;3;8.8;Breaking Bad
5;Fifty-One;4;8.8;Breaking Bad
5;Dead Freight;5;9.5;Breaking Bad
5;Buyout;6;8.8;Breaking Bad
5;Say My Name;7;9.4;Breaking Bad
5;Gliding Over All;8;9.5;Breaking Bad
5;Blood Money;9;9.4;Breaking Bad
5;Buried;10;9.0;Breaking Bad
5;Confessions;11;9.5;Breaking Bad
5;Rabid Dog;12;8.9;Breaking Bad
5;To'hajiilee;13;9.7;Breaking Bad
5;Ozymandias;14;9.9;Breaking Bad
5;Granite State;15;9.5;Breaking Bad
5;Felina;16;9.9;Breaking Bad
1;Pilot;1;8.0;Rick and Morty
1;Lawnmower Dog;2;8.6;Rick and Morty
1;Anatomy Park;3;8.3;Rick and Morty
1;M. Night Shaym-Aliens!;4;8.5;Rick and Morty
1;Meeseeks and Destroy;5;8.8;Rick and Morty
1;Rick Potion #9;6;8.8;Rick and Morty
1;Raising Gazorpazorp;7;8.0;Rick and Morty
1;Rixty Minutes;8;8.5;Rick and Morty
1;Something Ricked This Way Comes;9;8.3;Rick and Morty
1;Close Rick-counters of the Rick Kind;10;9.1;Rick and Morty
1;Ricksy Business;11;8.3;Rick and Morty
2;A Rickle in Time;1;8.6;Rick and Morty
2;Mortynight Run;2;8.6;Rick and Morty
2;Auto Erotic Assimilation;3;8.4;Rick and Morty
2;Total Rickall;4;9.3;Rick and Morty
2;Get Schwifty;5;8.1;Rick and Morty
2;The Ricks Must Be Crazy;6;9.0;Rick and Morty
2;Big Trouble in Little Sanchez;7;8.3;Rick and Morty
2;Interdimensional Cable 2: Tempting Fate;8;7.5;Rick and Morty
2;Look Who's Purging Now;9;8.3;Rick and Morty
2;The Wedding Squanchers;10;9.0;Rick and Morty
3;The Rickshank Rickdemption;1;9.5;Rick and Morty
3;Rickmancing the Stone;2;8.1;Rick and Morty
3;Pickle Rick;3;9.2;Rick and Morty
3;Vindicators 3: The Return of Worldender;4;8.1;Rick and Morty
3;The Whirly Dirly Conspiracy;5;8.4;Rick and Morty
3;Rest and Ricklaxation;6;8.8;Rick and Morty
3;The Ricklantis Mixup;7;9.8;Rick and Morty
3;Morty's Mind Blowers;8;8.8;Rick and Morty
3;The ABC's of Beth;9;7.9;Rick and Morty
3;The Rickchurian Mortydate;10;8.1;Rick and Morty
1;The Target;1;7.9;The Wire
1;The Detail;2;8.3;The Wire
1;The Buys;3;8.2;The Wire
1;Old Cases;4;8.3;The Wire
1;The Pager;5;8.3;The Wire
1;The Wire;6;8.3;The Wire
1;One Arrest;7;8.3;The Wire
1;Lessons;8;8.3;The Wire
1;Game Day;9;8.3;The Wire
1;The Cost;10;8.5;The Wire
1;The Hunt;11;8.3;The Wire
1;Cleaning Up;12;8.3;The Wire
1;Sentencing;13;8.3;The Wire
2;Ebb Tide;1;7.7;The Wire
2;Collateral Damage;2;8.0;The Wire
2;Hot Shots;3;8.0;The Wire
2;Hard Cases;4;7.9;The Wire
2;Undertow;5;8.1;The Wire
2;All Prologue;6;8.3;The Wire
2;Backwash;7;8.2;The Wire
2;Duck and Cover;8;8.2;The Wire
2;Stray Rounds;9;8.3;The Wire
2;Storm Warnings;10;8.3;The Wire
2;Bad Dreams;11;8.4;The Wire
2;Port in a Storm;12;8.3;The Wire
3;Time After Time;1;8.0;The Wire
3;All Due Respect;2;8.2;The Wire
3;Dead Soldiers;3;8.3;The Wire
3;Hamsterdam;4;8.3;The Wire
3;Straight and True;5;8.3;The Wire
3;Homecoming;6;8.3;The Wire
3;Back Burners;7;8.3;The Wire
3;Moral Midgetry;8;8.3;The Wire
3;Slapstick;9;8.3;The Wire
3;Reformation;10;8.3;The Wire
3;Middle Ground;11;8.9;The Wire
3;Mission Accomplished;12;8.5;The Wire
4;Boys of Summer;1;8.2;The Wire
4;Soft Eyes;2;8.3;The Wire
4;Home Rooms;3;8.3;The Wire
4;Refugees;4;8.3;The Wire
4;Alliances;5;8.2;The Wire
4;Margin of Error;6;8.3;The Wire
4;Unto Others;7;8.3;The Wire
4;Corner Boys;8;8.2;The Wire
4;Know Your Place;9;8.3;The Wire
4;Misgivings;10;8.3;The Wire
4;A New Day;11;8.3;The Wire
4;That's Got His Own;12;8.4;The Wire
4;Final Grades;13;8.7;The Wire
5;More with Less;1;8.0;The Wire
5;Unconfirmed Reports;2;8.1;The Wire
5;Not for Attribution;3;8.2;The Wire
5;Transitions;4;8.3;The Wire
5;React Quotes;5;8.2;The Wire
5;The Dickensian Aspect;6;8.2;The Wire
5;Took;7;8.2;The Wire
5;Clarifications;8;8.2;The Wire
5;Late Editions;9;8.4;The Wire
5;-30-;10;8.8;The Wire
1;Avatar: The Last Airbender;1;8.6;Avatar: The Last Airbender
1;The Boy in the Iceberg;2;8.2;Avatar: The Last Airbender
1;The Avatar Returns;3;8.4;Avatar: The Last Airbender
1;The Southern Air Temple;4;8.5;Avatar: The Last Airbender
1;The Warriors of Kyoshi;5;8.2;Avatar: The Last Airbender
1;The King of Omashu;6;8.3;Avatar: The Last Airbender
1;Imprisoned;7;8.1;Avatar: The Last Airbender
1;The Spirit World: Winter Solstice, Part 1;8;8.3;Avatar: The Last Airbender
1;Avatar Roku: Winter Solstice, Part 2;9;8.9;Avatar: The Last Airbender
1;The Waterbending Scroll;10;8.1;Avatar: The Last Airbender
1;Jet;11;8.0;Avatar: The Last Airbender
1;The Great Divide;12;7.2;Avatar: The Last Airbender
1;The Storm;13;9.0;Avatar: The Last Airbender
1;The Blue Spirit;14;9.1;Avatar: The Last Airbender
1;The Fortuneteller;15;8.0;Avatar: The Last Airbender
1;Bato of the Water Tribe;16;8.0;Avatar: The Last Airbender
1;The Deserter;17;8.5;Avatar: The Last Airbender
1;The Northern Air Temple;18;8.1;Avatar: The Last Airbender
1;The Waterbending Master;19;8.6;Avatar: The Last Airbender
1;The Siege of the North;20;9.4;Avatar: The Last Airbender
1;The Siege of the North Part 2;21;9.9;Avatar: The Last Airbender
2;The Avatar State;1;8.7;Avatar: The Last Airbender
2;The Cave of Two Lovers;2;8.3;Avatar: The Last Airbender
2;Return to Omashu;3;8.5;Avatar: The Last Airbender
2;The Swamp;4;7.9;Avatar: The Last Airbender
2;Avatar Day;5;7.7;Avatar: The Last Airbender
2;The Blind Bandit;6;9.1;Avatar: The Last Airbender
2;Zuko Alone;7;9.4;Avatar: The Last Airbender
2;The Chase;8;8.9;Avatar: The Last Airbender
2;Bitter Work;9;8.6;Avatar: The Last Airbender
2;The Library;10;8.8;Avatar: The Last Airbender
2;The Desert;11;8.8;Avatar: The Last Airbender
2;The Serpent's Pass;12;8.4;Avatar: The Last Airbender
2;The Drill;13;9.0;Avatar: The Last Airbender
2;City of Walls and Secrets;14;8.7;Avatar: The Last Airbender
2;The Tales of Ba Sing Se;15;9.1;Avatar: The Last Airbender
2;Appa's Lost Days;16;8.8;Avatar: The Last Airbender
2;Lake Laogai;17;9.0;Avatar: The Last Airbender
2;The Earth King;18;8.6;Avatar: The Last Airbender
2;The Guru;19;9.0;Avatar: The Last Airbender
2;The Crossroads of Destiny;20;9.5;Avatar: The Last Airbender
3;The Awakening;1;8.8;Avatar: The Last Airbender
3;The Headband;2;8.5;Avatar: The Last Airbender
3;The Painted Lady;3;8.1;Avatar: The Last Airbender
3;Sokka's Master;4;8.8;Avatar: The Last Airbender
3;The Beach;5;8.5;Avatar: The Last Airbender
3;The Avatar and the Fire Lord;6;9.4;Avatar: The Last Airbender
3;The Runaway;7;8.3;Avatar: The Last Airbender
3;The Puppetmaster;8;9.1;Avatar: The Last Airbender
3;Nightmares and Daydreams;9;7.9;Avatar: The Last Airbender
3;The Day of Black Sun;10;9.1;Avatar: The Last Airbender
3;The Day of Black Sun;11;9.3;Avatar: The Last Airbender
3;The Western Air Temple;12;8.9;Avatar: The Last Airbender
3;The Firebending Masters;13;9.1;Avatar: The Last Airbender
3;The Boiling Rock: Part 1;14;8.7;Avatar: The Last Airbender
3;The Boiling Rock;15;9.2;Avatar: The Last Airbender
3;The Southern Raiders;16;8.9;Avatar: The Last Airbender
3;The Ember Island Players;17;8.7;Avatar: The Last Airbender
3;Sozin's Comet;18;9.1;Avatar: The Last Airbender
3;Sozin's Comet;19;9.4;Avatar: The Last Airbender
3;Sozin's Comet;20;9.6;Avatar: The Last Airbender
3;Sozin's Comet;21;9.8;Avatar: The Last Airbender
1;Pilot;1;8.6;The Sopranos
1;46 Long;2;8.6;The Sopranos
1;Denial, Anger, Acceptance;3;8.8;The Sopranos
1;Meadowlands;4;8.8;The Sopranos
1;College;5;8.9;The Sopranos
1;Pax Soprana;6;8.7;The Sopranos
1;Down Neck;7;8.6;The Sopranos
1;The Legend of Tennessee Moltisanti;8;8.8;The Sopranos
1;Boca;9;8.7;The Sopranos
1;A Hit Is a Hit;10;8.3;The Sopranos
1;Nobody Knows Anything;11;8.8;The Sopranos
1;Isabella;12;9.1;The Sopranos
1;I Dream of Jeannie Cusamano;13;9.1;The Sopranos
2;Guy Walks Into a Psychiatrist's Office;1;8.5;The Sopranos
2;Do Not Resuscitate;2;8.4;The Sopranos
2;Toodle-Fucking-Oo;3;8.6;The Sopranos
2;Commendatori;4;8.7;The Sopranos
2;Big Girls Don't Cry;5;8.7;The Sopranos
2;The Happy Wanderer;6;8.7;The Sopranos
2;D-Girl;7;8.7;The Sopranos
2;Full Leather Jacket;8;8.9;The Sopranos
2;From Where to Eternity;9;8.8;The Sopranos
2;Bust-Out;10;8.6;The Sopranos
2;House Arrest;11;8.4;The Sopranos
2;The Knight in White Satin Armor;12;9.2;The Sopranos
2;Funhouse;13;9.3;The Sopranos
3;Mr. Ruggerio's Neighborhood;1;8.7;The Sopranos
3;Proshai, Livushka;2;8.7;The Sopranos
3;Fortunate Son;3;8.6;The Sopranos
3;Employee of the Month;4;9.0;The Sopranos
3;Another Toothpick;5;8.7;The Sopranos
3;University;6;8.7;The Sopranos
3;Second Opinion;7;8.6;The Sopranos
3;He Is Risen;8;8.5;The Sopranos
3;The Telltale Moozadell;9;8.4;The Sopranos
3;To Save Us All from Satan's Power;10;8.6;The Sopranos
3;Pine Barrens;11;9.7;The Sopranos
3;Amour Fou;12;9.1;The Sopranos
3;Army of One;13;9.0;The Sopranos
4;For All Debts Public and Private;1;8.3;The Sopranos
4;No Show;2;8.3;The Sopranos
4;Christopher;3;8.0;The Sopranos
4;The Weight;4;8.4;The Sopranos
4;Pie-o-My;5;8.2;The Sopranos
4;Everybody Hurts;6;8.4;The Sopranos
4;Watching Too Much Television;7;8.2;The Sopranos
4;Mergers and Acquisitions;8;8.3;The Sopranos
4;Whoever Did This;9;9.1;The Sopranos
4;The Strong, Silent Type;10;8.7;The Sopranos
4;Calling All Cars;11;8.1;The Sopranos
4;Eloise;12;8.3;The Sopranos
4;Whitecaps;13;9.0;The Sopranos
5;Two Tonys;1;8.7;The Sopranos
5;Rat Pack;2;8.6;The Sopranos
5;Where's Johnny?;3;8.7;The Sopranos
5;All Happy Families;4;8.6;The Sopranos
5;Irregular Around the Margins;5;9.2;The Sopranos
5;Sentimental Education;6;8.4;The Sopranos
5;In Camelot;7;8.3;The Sopranos
5;Marco Polo;8;8.7;The Sopranos
5;Unidentified Black Males;9;8.8;The Sopranos
5;Cold Cuts;10;8.7;The Sopranos
5;The Test Dream;11;8.6;The Sopranos
5;Long Term Parking;12;9.5;The Sopranos
5;All Due Respect;13;9.1;The Sopranos
6;Members Only;1;9.1;The Sopranos
6;Join the Club;2;8.7;The Sopranos
6;Mayham;3;8.7;The Sopranos
6;The Fleshy Part of the Thigh;4;8.5;The Sopranos
6;Mr. & Mrs. John Sacrimoni Request;5;8.8;The Sopranos
6;Live Free or Die;6;8.6;The Sopranos
6;Luxury Lounge;7;8.4;The Sopranos
6;Johnny Cakes;8;8.4;The Sopranos
6;The Ride;9;8.4;The Sopranos
6;Moe n' Joe;10;8.4;The Sopranos
6;Cold Stones;11;8.7;The Sopranos
6;Kaisha;12;8.4;The Sopranos
6;Soprano Home Movies;13;8.9;The Sopranos
6;Stage 5;14;8.8;The Sopranos
6;Remember When;15;8.6;The Sopranos
6;Chasing It;16;8.2;The Sopranos
6;Walk Like a Man;17;8.8;The Sopranos
6;Kennedy and Heidi;18;9.0;The Sopranos
6;The Second Coming;19;9.2;The Sopranos
6;The Blue Comet;20;9.5;The Sopranos
6;Made in America;21;9.1;The Sopranos
1;Unaired Pilot;1;8.9;Sherlock
1;A Study in Pink;2;9.1;Sherlock
1;The Blind Banker;3;8.1;Sherlock
1;The Great Game;4;9.1;Sherlock
2;A Scandal in Belgravia;1;9.5;Sherlock
2;The Hounds of Baskerville;2;8.5;Sherlock
2;The Reichenbach Fall;3;9.7;Sherlock
3;Many Happy Returns;1;8.7;Sherlock
3;The Empty Hearse;2;9.0;Sherlock
3;The Sign of Three;3;9.0;Sherlock
3;His Last Vow;4;9.3;Sherlock
4;The Abominable Bride;1;8.2;Sherlock
4;The Six Thatchers;2;7.7;Sherlock
4;The Lying Detective;3;9.2;Sherlock
4;The Final Problem;4;8.3;Sherlock
1;The Crocodile's Dilemma;1;9.4;Fargo
1;The Rooster Prince;2;8.5;Fargo
1;A Muddy Road;3;8.7;Fargo
1;Eating the Blame;4;9.1;Fargo
1;The Six Ungraspables;5;8.6;Fargo
1;Buridan's Ass;6;9.4;Fargo
1;Who Shaves the Barber?;7;9.1;Fargo
1;The Heap;8;8.8;Fargo
1;A Fox, a Rabbit, and a Cabbage;9;9.4;Fargo
1;Morton's Fork;10;9.4;Fargo
2;Waiting for Dutch;1;9.0;Fargo
2;Before the Law;2;8.7;Fargo
2;The Myth of Sisyphus;3;8.8;Fargo
2;Fear and Trembling;4;8.9;Fargo
2;The Gift of the Magi;5;9.3;Fargo
2;Rhinoceros;6;9.4;Fargo
2;Did You Do This? No, You Did It!;7;9.0;Fargo
2;Loplop;8;9.5;Fargo
2;The Castle;9;9.6;Fargo
2;Palindrome;10;8.6;Fargo
3;The Law of Vacant Places;1;8.7;Fargo
3;The Principle of Restricted Choice;2;8.2;Fargo
3;The Law of Non-Contradiction;3;8.1;Fargo
3;The Narrow Escape Problem;4;8.4;Fargo
3;The House of Special Purpose;5;8.5;Fargo
3;The Lord of No Mercy;6;8.9;Fargo
3;The Law of Inevitability;7;8.5;Fargo
3;Who Rules the Land of Denial?;8;9.1;Fargo
3;Aporia;9;9.0;Fargo
3;Somebody to Love;10;8.7;Fargo
1;The Long Bright Dark;1;9.0;True Detective
1;Seeing Things;2;8.9;True Detective
1;The Locked Room;3;9.2;True Detective
1;Who Goes There;4;9.7;True Detective
1;The Secret Fate of All Life;5;9.6;True Detective
1;Haunted Houses;6;9.2;True Detective
1;After You've Gone;7;9.2;True Detective
1;Form and Void;8;9.6;True Detective
2;The Western Book of the Dead;1;7.8;True Detective
2;Night Finds You;2;7.9;True Detective
2;Maybe Tomorrow;3;7.6;True Detective
2;Down Will Come;4;8.4;True Detective
2;Other Lives;5;7.9;True Detective
2;Church in Ruins;6;8.5;True Detective
2;Black Maps and Motel Rooms;7;8.8;True Detective
2;Omega Station;8;8.2;True Detective
3;The Great War and Modern Memory;1;8.8;True Detective
3;Kiss Tomorrow Goodbye;2;8.4;True Detective
3;The Big Never;3;8.1;True Detective
3;The Hour and the Day;4;8.3;True Detective
3;If You Have Ghosts;5;8.6;True Detective
3;Hunters in the Dark;6;8.7;True Detective
3;The Final Country;7;8.8;True Detective
3;Now Am Found;8;8.0;True Detective
1;Shinsei;1;7.8;Death Note
1;Taiketsu;2;8.2;Death Note
1;Torihiki;3;7.6;Death Note
1;Tsuiseki;4;7.9;Death Note
1;Kakehiki;5;7.6;Death Note
1;Hokorobi;6;7.5;Death Note
1;Donten;7;8.0;Death Note
1;Mesen;8;7.6;Death Note
1;Sesshoku;9;7.6;Death Note
1;Giwaku;10;7.4;Death Note
1;Totsunyû;11;7.6;Death Note
1;Koigokoro;12;7.4;Death Note
1;Kokuhaku;13;7.4;Death Note
1;Tomodachi;14;7.4;Death Note
1;Kake;15;7.7;Death Note
1;Ketsudan;16;7.3;Death Note
1;Shikkou;17;7.2;Death Note
1;Nakama;18;6.6;Death Note
1;Matsuda;19;6.8;Death Note
1;Kosoku;20;6.6;Death Note
1;Katsuyaku;21;6.9;Death Note
1;Yûdô;22;7.2;Death Note
1;Kyôsô;23;7.7;Death Note
1;Fukkatsu;24;8.2;Death Note
1;Chinmoku;25;8.6;Death Note
1;Saisei;26;5.7;Death Note
1;Yûkai;27;5.9;Death Note
1;Shôsô;28;5.9;Death Note
1;Chichioya;29;6.3;Death Note
1;Seigi;30;6.1;Death Note
1;Ijô;31;6.1;Death Note
1;Sentaku;32;6.2;Death Note
1;Chôshô;33;5.8;Death Note
1;Koshi;34;5.8;Death Note
1;Satsui;35;6.3;Death Note
1;1.28;36;7.1;Death Note
1;Shin sekai;37;6.9;Death Note
1;The Train Job;1;8.5;Firefly
1;Bushwhacked;2;8.5;Firefly
1;Our Mrs. Reynolds;3;8.9;Firefly
1;Jaynestown;4;8.6;Firefly
1;Out of Gas;5;9.2;Firefly
1;Shindig;6;8.5;Firefly
1;Safe;7;8.3;Firefly
1;Ariel;8;8.8;Firefly
1;War Stories;9;8.7;Firefly
1;Objects in Space;10;9.0;Firefly
1;Serenity;11;8.7;Firefly
1;Heart of Gold;12;8.4;Firefly
1;Trash;13;8.6;Firefly
1;The Message;14;8.5;Firefly
1;Chapter One: The Vanishing of Will Byers;1;8.6;Stranger Things
1;Chapter Two: The Weirdo on Maple Street;2;8.5;Stranger Things
1;Chapter Three: Holly, Jolly;3;8.9;Stranger Things
1;Chapter Four: The Body;4;8.9;Stranger Things
1;Chapter Five: The Flea and the Acrobat;5;8.7;Stranger Things
1;Chapter Six: The Monster;6;8.8;Stranger Things
1;Chapter Seven: The Bathtub;7;9.1;Stranger Things
1;Chapter Eight: The Upside Down;8;9.3;Stranger Things
2;Chapter One: MADMAX;1;8.4;Stranger Things
2;Chapter Two: Trick or Treat, Freak;2;8.5;Stranger Things
2;Chapter Three: The Pollywog;3;8.7;Stranger Things
2;Chapter Four: Will the Wise;4;8.7;Stranger Things
2;Chapter Five: Dig Dug;5;8.9;Stranger Things
2;Chapter Six: The Spy;6;9.2;Stranger Things
2;Chapter Seven: The Lost Sister;7;6.1;Stranger Things
2;Chapter Eight: The Mind Flayer;8;9.3;Stranger Things
2;Chapter Nine: The Gate;9;9.4;Stranger Things
1;The National Anthem;1;7.8;Black Mirror
1;Fifteen Million Merits;2;8.2;Black Mirror
1;The Entire History of You;3;8.6;Black Mirror
2;Be Right Back;1;8.1;Black Mirror
2;White Bear;2;8.1;Black Mirror
2;The Waldo Moment;3;6.7;Black Mirror
2;White Christmas;4;9.2;Black Mirror
3;Nosedive;1;8.3;Black Mirror
3;Playtest;2;8.1;Black Mirror
3;Shut Up and Dance;3;8.5;Black Mirror
3;San Junipero;4;8.7;Black Mirror
3;Men Against Fire;5;7.7;Black Mirror
3;Hated in the Nation;6;8.6;Black Mirror
4;USS Callister;1;8.3;Black Mirror
4;Arkangel;2;7.3;Black Mirror
4;Crocodile;3;7.3;Black Mirror
4;Hang the DJ;4;8.8;Black Mirror
4;Metalhead;5;6.7;Black Mirror
4;Black Museum;6;8.7;Black Mirror
5;Striking Vipers;1;6.9;Black Mirror
5;Smithereens;2;7.6;Black Mirror
5;Rachel, Jack and Ashley Too;3;6.0;Black Mirror
1;The One Where Monica Gets a Roommate;1;8.4;Friends
1;The One with the Sonogram at the End;2;8.1;Friends
1;The One with the Thumb;3;8.2;Friends
1;The One with George Stephanopoulos;4;8.2;Friends
1;The One with the East German Laundry Detergent;5;8.5;Friends
1;The One with the Butt;6;8.2;Friends
1;The One with the Blackout;7;9.0;Friends
1;The One Where Nana Dies Twice;8;8.2;Friends
1;The One Where Underdog Gets Away;9;8.3;Friends
1;The One with the Monkey;10;8.1;Friends
1;The One with Mrs. Bing;11;8.3;Friends
1;The One with the Dozen Lasagnas;12;8.3;Friends
1;The One with the Boobies;13;8.7;Friends
1;The One with the Candy Hearts;14;8.3;Friends
1;The One with the Stoned Guy;15;8.3;Friends
1;The One with Two Parts: Part 1;16;8.2;Friends
1;The One with Two Parts: Part 2;17;8.5;Friends
1;The One with All the Poker;18;8.9;Friends
1;The One Where the Monkey Gets Away;19;8.2;Friends
1;The One with the Evil Orthodontist;20;8.0;Friends
1;The One with the Fake Monica;21;8.0;Friends
1;The One with the Ick Factor;22;8.4;Friends
1;The One with the Birth;23;8.7;Friends
1;The One Where Rachel Finds Out;24;8.9;Friends
2;The One with Ross's New Girlfriend;1;8.5;Friends
2;The One with the Breast Milk;2;8.3;Friends
2;The One Where Heckles Dies;3;8.4;Friends
2;The One with Phoebe's Husband;4;8.0;Friends
2;The One with Five Steaks and an Eggplant;5;8.3;Friends
2;The One with the Baby on the Bus;6;8.6;Friends
2;The One Where Ross Finds Out;7;9.0;Friends
2;The One with the List;8;8.5;Friends
2;The One with Phoebe's Dad;9;8.0;Friends
2;The One with Russ;10;8.1;Friends
2;The One with the Lesbian Wedding;11;8.2;Friends
2;The One After the Superbowl: Part 1;12;8.7;Friends
2;The One After the Superbowl: Part 2;13;8.8;Friends
2;The One with the Prom Video;14;9.4;Friends
2;The One Where Ross and Rachel... You Know;15;8.9;Friends
2;The One Where Joey Moves Out;16;8.6;Friends
2;The One Where Eddie Moves In;17;8.4;Friends
2;The One Where Dr. Ramoray Dies;18;8.5;Friends
2;The One Where Eddie Won't Go;19;8.6;Friends
2;The One Where Old Yeller Dies;20;8.2;Friends
2;The One with the Bullies;21;8.2;Friends
2;The One with the Two Parties;22;9.0;Friends
2;The One with the Chicken Pox;23;8.2;Friends
2;The One with Barry and Mindy's Wedding;24;8.3;Friends
3;The One with the Princess Leia Fantasy;1;8.5;Friends
3;The One Where No One's Ready;2;9.0;Friends
3;The One with the Jam;3;8.1;Friends
3;The One with the Metaphorical Tunnel;4;8.1;Friends
3;The One with Frank Jr.;5;8.2;Friends
3;The One with the Flashback;6;9.1;Friends
3;The One with the Race Car Bed;7;8.4;Friends
3;The One with the Giant Poking Device;8;8.4;Friends
3;The One with the Football;9;9.0;Friends
3;The One Where Rachel Quits;10;8.2;Friends
3;The One Where Chandler Can't Remember Which Sister;11;8.6;Friends
3;The One with All the Jealousy;12;8.3;Friends
3;The One Where Monica and Richard Are Just Friends;13;8.3;Friends
3;The One with Phoebe's Ex-Partner;14;7.9;Friends
3;The One Where Ross and Rachel Take a Break;15;8.6;Friends
3;The One with the Morning After;16;9.1;Friends
3;The One Without the Ski Trip;17;8.3;Friends
3;The One with the Hypnosis Tape;18;8.5;Friends
3;The One with the Tiny T-Shirt;19;8.2;Friends
3;The One with the Dollhouse;20;8.2;Friends
3;The One with the Chick and the Duck;21;8.8;Friends
3;The One with the Screamer;22;8.3;Friends
3;The One with Ross's Thing;23;8.1;Friends
3;The One with the Ultimate Fighting Champion;24;8.2;Friends
3;The One at the Beach;25;8.9;Friends
4;The One with the Jellyfish;1;9.1;Friends
4;The One with the Cat;2;8.1;Friends
4;The One with the 'Cuffs;3;8.5;Friends
4;The One with the Ballroom Dancing;4;8.3;Friends
4;The One with Joey's New Girlfriend;5;8.4;Friends
4;The One with the Dirty Girl;6;8.6;Friends
4;The One Where Chandler Crosses the Line;7;8.8;Friends
4;The One with Chandler in a Box;8;9.1;Friends
4;The One Where They're Going to Party!;9;8.0;Friends
4;The One with the Girl from Poughkeepsie;10;8.1;Friends
4;The One with Phoebe's Uterus;11;8.5;Friends
4;The One with the Embryos;12;9.4;Friends
4;The One with Rachel's Crush;13;8.3;Friends
4;The One with Joey's Dirty Day;14;8.3;Friends
4;The One with All the Rugby;15;8.5;Friends
4;The One with the Fake Party;16;8.3;Friends
4;The One with the Free Porn;17;8.7;Friends
4;The One with Rachel's New Dress;18;8.4;Friends
4;The One with All the Haste;19;8.7;Friends
4;The One with All the Wedding Dresses;20;8.6;Friends
4;The One with the Invitation;21;7.3;Friends
4;The One with the Worst Best Man Ever;22;8.6;Friends
4;The One with Ross's Wedding;23;8.8;Friends
4;The One with Ross's Wedding;24;9.2;Friends
5;The One After Ross Says Rachel;1;8.9;Friends
5;The One with All the Kissing;2;9.0;Friends
5;The One Hundredth;3;8.8;Friends
5;The One Where Phoebe Hates PBS;4;8.3;Friends
5;The One with the Kips;5;8.8;Friends
5;The One with the Yeti;6;8.1;Friends
5;The One Where Ross Moves In;7;8.4;Friends
5;The One with All the Thanksgivings;8;9.2;Friends
5;The One with Ross's Sandwich;9;9.1;Friends
5;The One with the Inappropriate Sister;10;8.2;Friends
5;The One with All the Resolutions;11;9.1;Friends
5;The One with Chandler's Work Laugh;12;8.3;Friends
5;The One with Joey's Bag;13;8.2;Friends
5;The One Where Everybody Finds Out;14;9.7;Friends
5;The One with the Girl Who Hits Joey;15;8.6;Friends
5;The One with the Cop;16;8.6;Friends
5;The One with Rachel's Inadvertent Kiss;17;8.5;Friends
5;The One Where Rachel Smokes;18;8.1;Friends
5;The One Where Ross Can't Flirt;19;8.8;Friends
5;The One with the Ride Along;20;8.4;Friends
5;The One with the Ball;21;8.6;Friends
5;The One with Joey's Big Break;22;8.3;Friends
5;The One in Vegas: Part 1;23;8.8;Friends
5;The One in Vegas: Part 2;24;9.1;Friends
6;The One After Vegas;1;8.8;Friends
6;The One Where Ross Hugs Rachel;2;8.3;Friends
6;The One with Ross's Denial;3;8.3;Friends
6;The One Where Joey Loses His Insurance;4;8.6;Friends
6;The One with Joey's Porsche;5;8.2;Friends
6;The One on the Last Night;6;8.6;Friends
6;The One Where Phoebe Runs;7;8.4;Friends
6;The One with Ross' Teeth;8;8.6;Friends
6;The One Where Ross Got High;9;9.2;Friends
6;The One with the Routine;10;8.6;Friends
6;The One with the Apothecary Table;11;8.2;Friends
6;The One with the Joke;12;8.1;Friends
6;The One with Rachel's Sister;13;8.3;Friends
6;The One Where Chandler Can't Cry;14;8.6;Friends
6;The One That Could Have Been;15;8.6;Friends
6;The One That Could Have Been;16;8.6;Friends
6;The One with Unagi;17;9.1;Friends
6;The One Where Ross Dates a Student;18;8.4;Friends
6;The One with Joey's Fridge;19;8.4;Friends
6;The One with Mac and C.H.E.E.S.E.;20;7.5;Friends
6;The One Where Ross Meets Elizabeth's Dad;21;8.6;Friends
6;The One Where Paul's the Man;22;9.0;Friends
6;The One with the Ring;23;8.6;Friends
6;The One with the Proposal;24;8.8;Friends
6;The One with the Proposal;25;9.3;Friends
7;The One with Monica's Thunder;1;8.4;Friends
7;The One with Rachel's Book;2;8.4;Friends
7;The One with Phoebe's Cookies;3;8.2;Friends
7;The One with Rachel's Assistant;4;8.2;Friends
7;The One with the Engagement Picture;5;8.2;Friends
7;The One with the Nap Partners;6;8.9;Friends
7;The One with Ross's Library Book;7;8.5;Friends
7;The One Where Chandler Doesn't Like Dogs;8;8.2;Friends
7;The One with All the Candy;9;8.2;Friends
7;The One with the Holiday Armadillo;10;8.6;Friends
7;The One with All the Cheesecakes;11;8.6;Friends
7;The One Where They're Up All Night;12;8.7;Friends
7;The One Where Rosita Dies;13;8.5;Friends
7;The One Where They All Turn Thirty;14;8.6;Friends
7;The One with Joey's New Brain;15;8.5;Friends
7;The One with the Truth About London;16;8.7;Friends
7;The One with the Cheap Wedding Dress;17;8.4;Friends
7;The One with Joey's Award;18;8.5;Friends
7;The One with Ross and Monica's Cousin;19;8.7;Friends
7;The One with Rachel's Big Kiss;20;8.5;Friends
7;The One with the Vows;21;7.5;Friends
7;The One with Chandler's Dad;22;8.5;Friends
7;The One with Monica and Chandler's Wedding: Part 1;23;8.9;Friends
7;The One with Monica and Chandler's Wedding: Part 2;24;9.1;Friends
8;The One After I Do;1;8.7;Friends
8;The One with the Red Sweater;2;9.1;Friends
8;The One Where Rachel Tells...;3;8.7;Friends
8;The One with the Videotape;4;9.3;Friends
8;The One with Rachel's Date;5;8.2;Friends
8;The One with the Halloween Party;6;8.6;Friends
8;The One with the Stain;7;8.0;Friends
8;The One with the Stripper;8;8.8;Friends
8;The One with the Rumor;9;9.3;Friends
8;The One with Monica's Boots;10;8.1;Friends
8;The One with Ross's Step Forward;11;8.1;Friends
8;The One Where Joey Dates Rachel;12;8.6;Friends
8;The One Where Chandler Takes a Bath;13;8.6;Friends
8;The One with the Secret Closet;14;8.3;Friends
8;The One with the Birthing Video;15;8.4;Friends
8;The One Where Joey Tells Rachel;16;8.3;Friends
8;The One with the Tea Leaves;17;8.2;Friends
8;The One in Massapequa;18;8.2;Friends
8;The One with Joey's Interview;19;7.5;Friends
8;The One with the Baby Shower;20;8.3;Friends
8;The One with the Cooking Class;21;8.2;Friends
8;The One Where Rachel Is Late;22;8.4;Friends
8;The One Where Rachel Has a Baby: Part 1;23;8.8;Friends
8;The One Where Rachel Has a Baby: Part 2;24;8.9;Friends
9;The One Where No One Proposes;1;8.6;Friends
9;The One Where Emma Cries;2;8.6;Friends
9;The One with the Pediatrician;3;8.3;Friends
9;The One with the Sharks;4;8.2;Friends
9;The One with Phoebe's Birthday Dinner;5;8.5;Friends
9;The One with the Male Nanny;6;8.4;Friends
9;The One with Ross's Inappropriate Song;7;8.7;Friends
9;The One with Rachel's Other Sister;8;8.8;Friends
9;The One with Rachel's Phone Number;9;8.2;Friends
9;The One with Christmas in Tulsa;10;7.6;Friends
9;The One Where Rachel Goes Back to Work;11;8.1;Friends
9;The One with Phoebe's Rats;12;8.0;Friends
9;The One Where Monica Sings;13;8.2;Friends
9;The One with the Blind Dates;14;8.3;Friends
9;The One with the Mugging;15;8.4;Friends
9;The One with the Boob Job;16;8.3;Friends
9;The One with the Memorial Service;17;8.5;Friends
9;The One with the Lottery;18;8.6;Friends
9;The One with Rachel's Dream;19;8.2;Friends
9;The One with the Soap Opera Party;20;8.3;Friends
9;The One with the Fertility Test;21;8.2;Friends
9;The One with the Donor;22;7.9;Friends
9;The One in Barbados;23;8.5;Friends
9;The One in Barbados;24;8.7;Friends
10;The One After Joey and Rachel Kiss;1;8.5;Friends
10;The One Where Ross Is Fine;2;8.8;Friends
10;The One with Ross's Tan;3;8.8;Friends
10;The One with the Cake;4;8.4;Friends
10;The One Where Rachel's Sister Babysits;5;8.3;Friends
10;The One with Ross' Grant;6;8.2;Friends
10;The One with the Home Study;7;8.3;Friends
10;The One with the Late Thanksgiving;8;8.9;Friends
10;The One with the Birth Mother;9;8.6;Friends
10;The One Where Chandler Gets Caught;10;8.0;Friends
10;The One Where the Stripper Cries;11;9.0;Friends
10;The One with Phoebe's Wedding;12;8.9;Friends
10;The One Where Joey Speaks French;13;8.5;Friends
10;The One with Princess Consuela;14;8.7;Friends
10;The One Where Estelle Dies;15;8.6;Friends
10;The One with Rachel's Going Away Party;16;8.9;Friends
10;The Last One: Part 1;17;9.5;Friends
10;The Last One: Part 2;18;9.7;Friends
1;Good News, Bad News;1;7.7;Seinfeld
1;The Stakeout;2;7.7;Seinfeld
1;The Robbery;3;7.7;Seinfeld
1;Male Unbonding;4;7.5;Seinfeld
1;The Stock Tip;5;7.7;Seinfeld
2;The Ex-Girlfriend;1;7.8;Seinfeld
2;The Pony Remark;2;8.0;Seinfeld
2;The Jacket;3;8.4;Seinfeld
2;The Phone Message;4;8.5;Seinfeld
2;The Apartment;5;8.0;Seinfeld
2;The Statue;6;8.2;Seinfeld
2;The Revenge;7;8.4;Seinfeld
2;The Heart Attack;8;8.0;Seinfeld
2;The Deal;9;8.4;Seinfeld
2;The Baby Shower;10;7.6;Seinfeld
2;The Chinese Restaurant;11;8.8;Seinfeld
2;The Busboy;12;7.8;Seinfeld
3;The Note;1;8.3;Seinfeld
3;The Truth;2;7.9;Seinfeld
3;The Pen;3;8.4;Seinfeld
3;The Dog;4;7.4;Seinfeld
3;The Library;5;8.7;Seinfeld
3;The Parking Garage;6;8.9;Seinfeld
3;The Cafe;7;8.6;Seinfeld
3;The Tape;8;8.8;Seinfeld
3;The Nose Job;9;8.1;Seinfeld
3;The Stranded;10;7.5;Seinfeld
3;The Alternate Side;11;8.4;Seinfeld
3;The Red Dot;12;8.5;Seinfeld
3;The Subway;13;8.9;Seinfeld
3;The Pez Dispenser;14;8.6;Seinfeld
3;The Suicide;15;7.7;Seinfeld
3;The Fix Up;16;8.5;Seinfeld
3;The Boyfriend;17;8.9;Seinfeld
3;The Boyfriend;18;8.8;Seinfeld
3;The Limo;19;9.0;Seinfeld
3;The Good Samaritan;20;8.1;Seinfeld
3;The Letter;21;8.1;Seinfeld
3;The Parking Space;22;8.4;Seinfeld
3;The Keys;23;8.6;Seinfeld
4;The Trip: Part 1;1;8.3;Seinfeld
4;The Trip: Part 2;2;8.5;Seinfeld
4;The Pitch;3;8.8;Seinfeld
4;The Ticket;4;8.5;Seinfeld
4;The Wallet;5;8.2;Seinfeld
4;The Watch;6;8.2;Seinfeld
4;The Bubble Boy;7;8.9;Seinfeld
4;The Cheever Letters;8;8.6;Seinfeld
4;The Opera;9;8.3;Seinfeld
4;The Virgin;10;8.3;Seinfeld
4;The Contest;11;9.6;Seinfeld
4;The Airport;12;9.0;Seinfeld
4;The Pick;13;8.6;Seinfeld
4;The Movie;14;8.3;Seinfeld
4;The Visa;15;8.3;Seinfeld
4;The Shoes;16;8.4;Seinfeld
4;The Outing;17;9.4;Seinfeld
4;The Old Man;18;8.2;Seinfeld
4;The Implant;19;8.7;Seinfeld
4;The Junior Mint;20;8.9;Seinfeld
4;The Smelly Car;21;8.6;Seinfeld
4;The Handicap Spot;22;8.5;Seinfeld
4;The Pilot;23;8.8;Seinfeld
5;The Mango;1;8.7;Seinfeld
5;The Puffy Shirt;2;9.0;Seinfeld
5;The Glasses;3;8.5;Seinfeld
5;The Sniffing Accountant;4;8.3;Seinfeld
5;The Bris;5;8.2;Seinfeld
5;The Lip Reader;6;8.6;Seinfeld
5;The Non-Fat Yogurt;7;8.6;Seinfeld
5;The Barber;8;8.4;Seinfeld
5;The Masseuse;9;8.0;Seinfeld
5;The Cigar Store Indian;10;8.5;Seinfeld
5;The Conversion;11;8.3;Seinfeld
5;The Stall;12;8.7;Seinfeld
5;The Dinner Party;13;8.4;Seinfeld
5;The Marine Biologist;14;9.3;Seinfeld
5;The Pie;15;8.6;Seinfeld
5;The Stand-In;16;7.9;Seinfeld
5;The Wife;17;8.2;Seinfeld
5;The Raincoats;18;8.6;Seinfeld
5;The Fire;19;8.8;Seinfeld
5;The Hamptons;20;9.1;Seinfeld
5;The Opposite;21;9.6;Seinfeld
6;The Chaperone;1;8.2;Seinfeld
6;The Big Salad;2;8.3;Seinfeld
6;The Pledge Drive;3;8.4;Seinfeld
6;The Chinese Woman;4;8.3;Seinfeld
6;The Couch;5;8.3;Seinfeld
6;The Gymnast;6;8.4;Seinfeld
6;The Soup;7;8.3;Seinfeld
6;The Mom and Pop Store;8;8.2;Seinfeld
6;The Secretary;9;8.3;Seinfeld
6;The Race;10;9.0;Seinfeld
6;The Switch;11;9.0;Seinfeld
6;The Label Maker;12;8.7;Seinfeld
6;The Scofflaw;13;8.3;Seinfeld
6;Highlights of a Hundred;14;7.3;Seinfeld
6;The Beard;15;8.4;Seinfeld
6;The Kiss Hello;16;8.4;Seinfeld
6;The Doorman;17;8.5;Seinfeld
6;The Jimmy;18;9.0;Seinfeld
6;The Doodle;19;8.5;Seinfeld
6;The Fusilli Jerry;20;8.9;Seinfeld
6;The Diplomat's Club;21;8.2;Seinfeld
6;The Face Painter;22;8.5;Seinfeld
6;The Understudy;23;8.2;Seinfeld
7;The Engagement;1;8.7;Seinfeld
7;The Postponement;2;8.4;Seinfeld
7;The Maestro;3;8.2;Seinfeld
7;The Wink;4;8.8;Seinfeld
7;The Hot Tub;5;8.8;Seinfeld
7;The Soup Nazi;6;9.6;Seinfeld
7;The Secret Code;7;8.5;Seinfeld
7;The Pool Guy;8;8.5;Seinfeld
7;The Sponge;9;8.5;Seinfeld
7;The Gum;10;8.8;Seinfeld
7;The Rye;11;9.0;Seinfeld
7;The Caddy;12;8.7;Seinfeld
7;The Seven;13;8.3;Seinfeld
7;The Cadillac;14;8.6;Seinfeld
7;The Shower Head;15;8.6;Seinfeld
7;The Doll;16;8.3;Seinfeld
7;The Friars Club;17;8.0;Seinfeld
7;The Wig Master;18;8.3;Seinfeld
7;The Calzone;19;9.0;Seinfeld
7;The Bottle Deposit;20;8.9;Seinfeld
7;The Wait Out;21;8.5;Seinfeld
7;The Invitations;22;8.8;Seinfeld
8;The Foundation;1;8.4;Seinfeld
8;The Soul Mate;2;8.2;Seinfeld
8;The Bizarro Jerry;3;9.2;Seinfeld
8;The Little Kicks;4;9.0;Seinfeld
8;The Package;5;8.8;Seinfeld
8;The Fatigues;6;8.3;Seinfeld
8;The Checks;7;8.3;Seinfeld
8;The Chicken Roaster;8;9.1;Seinfeld
8;The Abstinence;9;9.1;Seinfeld
8;The Andrea Doria;10;8.5;Seinfeld
8;The Little Jerry;11;8.5;Seinfeld
8;The Money;12;7.9;Seinfeld
8;The Comeback;13;8.8;Seinfeld
8;The Van Buren Boys;14;8.2;Seinfeld
8;The Susie;15;8.7;Seinfeld
8;The Pothole;16;8.8;Seinfeld
8;The English Patient;17;8.7;Seinfeld
8;The Nap;18;8.9;Seinfeld
8;The Yada Yada;19;9.0;Seinfeld
8;The Millennium;20;8.3;Seinfeld
8;The Muffin Tops;21;8.6;Seinfeld
8;The Summer of George;22;8.7;Seinfeld
9;The Butter Shave;1;8.6;Seinfeld
9;The Voice;2;8.6;Seinfeld
9;The Serenity Now;3;9.0;Seinfeld
9;The Blood;4;8.4;Seinfeld
9;The Junk Mail;5;8.2;Seinfeld
9;The Merv Griffin Show;6;9.1;Seinfeld
9;The Slicer;7;8.6;Seinfeld
9;The Betrayal;8;9.0;Seinfeld
9;The Apology;9;8.4;Seinfeld
9;The Strike;10;8.9;Seinfeld
9;The Dealership;11;8.6;Seinfeld
9;The Reverse Peephole;12;8.5;Seinfeld
9;The Cartoon;13;8.1;Seinfeld
9;The Strongbox;14;8.1;Seinfeld
9;The Wizard;15;8.2;Seinfeld
9;The Burning;16;8.6;Seinfeld
9;The Bookstore;17;8.5;Seinfeld
9;The Frogger;18;9.0;Seinfeld
9;The Maid;19;8.2;Seinfeld
9;The Puerto Rican Day;20;8.2;Seinfeld
9;The Chronicle;21;8.1;Seinfeld
9;The Finale;22;7.7;Seinfeld
1;Nisen-nengo no Kimi e: Shiganshina Kanraku (1);1;9.3;Attack on Titan
1;That Day: The Fall of Shiganshina, Part 2;2;9.1;Attack on Titan
1;A Dim Light Amid Despair: Humanity's Comeback, Part 1;3;9.0;Attack on Titan
1;The Night of the Closing Ceremony: Humanity's Comeback, Part 2;4;9.1;Attack on Titan
1;First Battle: Defense of Trost, Part 1;5;9.4;Attack on Titan
1;The World the Girl Saw: The Struggle for Trost, Part 2;6;9.3;Attack on Titan
1;Small Blade: The Struggle for Trost, Part 3;7;9.3;Attack on Titan
1;I Can Hear His Heartbeat: The Struggle for Trost, Part 4;8;9.3;Attack on Titan
1;Whereabouts of His Left Arm: The Struggle for Trost, Part 5;9;9.2;Attack on Titan
1;Response: The Struggle for Trost, Part 6;10;9.0;Attack on Titan
1;Icon: Battle of Trost District, Part 7;11;9.1;Attack on Titan
1;Wound: Battle of Trost District, Part 8;12;9.1;Attack on Titan
1;Primal Desires: Battle of Trost District, Part 9;13;9.3;Attack on Titan
1;Can't Look Into His Eyes Yet: Eve of the Counterattack, Part 1;14;9.1;Attack on Titan
1;Special Operations Squad: Prelude to the Counterattack, Part 2;15;9.1;Attack on Titan
1;What Needs to Be Done Now: Eve of the Counterattack, Part 3;16;9.1;Attack on Titan
1;Female Titan: The 57th Expedition Beyond the Walls, Part 1;17;9.4;Attack on Titan
1;Forest of Giant Trees: The 57th Expedition Beyond the Walls, Part 2;18;9.3;Attack on Titan
1;Bite: The 57th Exterior Scouting Mission, Part 3;19;9.3;Attack on Titan
1;Erwin Smith: The 57th Expedition Beyond the Walls, Part 4;20;9.4;Attack on Titan
1;Iron Hammer: The 57th Expedition Beyond the Walls, Part 5;21;9.5;Attack on Titan
1;The Defeated: The 57th Expedition Beyond the Walls, Part 6;22;9.3;Attack on Titan
1;Smile: Raid on Stohess District, Part 1;23;9.3;Attack on Titan
1;Mercy: Raid on Stohess District, Part 2;24;9.4;Attack on Titan
1;Wall: Raid on Stohess District, Part 3;25;9.4;Attack on Titan
2;Kemono no Kyojin;1;9.5;Attack on Titan
2;Tadaima;2;9.2;Attack on Titan
2;Nansei e;3;9.3;Attack on Titan
2;Heishi;4;9.5;Attack on Titan
2;Historia;5;9.6;Attack on Titan
2;Senshi;6;9.8;Attack on Titan
2;Da Tou Kyou;7;9.6;Attack on Titan
2;Ou Mono;8;9.2;Attack on Titan
2;Kaikou;9;9.2;Attack on Titan
2;Kodomo-tachi;10;9.3;Attack on Titan
2;Totsugeki;11;9.5;Attack on Titan
2;Sakebi;12;9.8;Attack on Titan
3;Smoke Signal;1;9.4;Attack on Titan
3;Pain;2;9.5;Attack on Titan
3;Old Story;3;9.3;Attack on Titan
3;Trust;4;9.1;Attack on Titan
3;Reply;5;9.4;Attack on Titan
3;Sin;6;9.6;Attack on Titan
3;Wish;7;9.7;Attack on Titan
3;Outside the Walls of Orvud District;8;9.4;Attack on Titan
3;Ruler of the Walls;9;9.6;Attack on Titan
3;Friends;10;9.5;Attack on Titan
3;Bystander;11;9.4;Attack on Titan
3;Night of the Battle to Retake the Wall;12;9.3;Attack on Titan
3;The Town Where Everything Began;13;9.6;Attack on Titan
3;Thunder Spears;14;9.6;Attack on Titan
3;Descent;15;9.6;Attack on Titan
3;Perfect Game;16;9.9;Attack on Titan
3;Hero;17;10.0;Attack on Titan
3;Midnight Sun;18;9.9;Attack on Titan
3;The Basement;19;9.3;Attack on Titan
3;That Day;20;9.9;Attack on Titan
3;The Attack Titan;21;9.8;Attack on Titan
1;Episode #1.1;1;8.2;Peaky Blinders
1;Episode #1.2;2;8.4;Peaky Blinders
1;Episode #1.3;3;8.5;Peaky Blinders
1;Episode #1.4;4;8.8;Peaky Blinders
1;Episode #1.5;5;9.0;Peaky Blinders
1;Episode #1.6;6;9.2;Peaky Blinders
2;Episode #2.1;1;8.7;Peaky Blinders
2;Episode #2.2;2;8.6;Peaky Blinders
2;Episode #2.3;3;8.8;Peaky Blinders
2;Episode #2.4;4;8.6;Peaky Blinders
2;Episode #2.5;5;8.9;Peaky Blinders
2;Episode #2.6;6;9.6;Peaky Blinders
3;Episode #3.1;1;8.4;Peaky Blinders
3;Episode #3.2;2;9.1;Peaky Blinders
3;Episode #3.3;3;8.9;Peaky Blinders
3;Episode #3.4;4;9.0;Peaky Blinders
3;Episode #3.5;5;8.6;Peaky Blinders
3;Episode #3.6;6;9.6;Peaky Blinders
4;The Noose;1;9.5;Peaky Blinders
4;Heathens;2;9.3;Peaky Blinders
4;Blackbird;3;8.7;Peaky Blinders
4;Dangerous;4;8.8;Peaky Blinders
4;The Duel;5;8.9;Peaky Blinders
4;The Company;6;9.4;Peaky Blinders
1;Chapter 1;1;8.7;House of Cards
1;Chapter 2;2;8.7;House of Cards
1;Chapter 3;3;8.4;House of Cards
1;Chapter 4;4;8.3;House of Cards
1;Chapter 5;5;8.5;House of Cards
1;Chapter 6;6;8.6;House of Cards
1;Chapter 7;7;8.2;House of Cards
1;Chapter 8;8;7.8;House of Cards
1;Chapter 9;9;8.6;House of Cards
1;Chapter 10;10;8.8;House of Cards
1;Chapter 11;11;9.1;House of Cards
1;Chapter 12;12;8.6;House of Cards
1;Chapter 13;13;8.9;House of Cards
2;Chapter 14;1;9.6;House of Cards
2;Chapter 15;2;8.5;House of Cards
2;Chapter 16;3;8.6;House of Cards
2;Chapter 17;4;9.1;House of Cards
2;Chapter 18;5;8.4;House of Cards
2;Chapter 19;6;8.4;House of Cards
2;Chapter 20;7;8.5;House of Cards
2;Chapter 21;8;8.7;House of Cards
2;Chapter 22;9;9.0;House of Cards
2;Chapter 23;10;8.4;House of Cards
2;Chapter 24;11;8.8;House of Cards
2;Chapter 25;12;9.0;House of Cards
2;Chapter 26;13;9.6;House of Cards
3;Chapter 27;1;8.2;House of Cards
3;Chapter 28;2;8.5;House of Cards
3;Chapter 29;3;8.7;House of Cards
3;Chapter 30;4;8.4;House of Cards
3;Chapter 31;5;8.3;House of Cards
3;Chapter 32;6;9.1;House of Cards
3;Chapter 33;7;8.3;House of Cards
3;Chapter 34;8;8.3;House of Cards
3;Chapter 35;9;8.4;House of Cards
3;Chapter 36;10;8.3;House of Cards
3;Chapter 37;11;9.1;House of Cards
3;Chapter 38;12;8.8;House of Cards
3;Chapter 39;13;9.0;House of Cards
4;Chapter 40;1;8.1;House of Cards
4;Chapter 41;2;8.3;House of Cards
4;Chapter 42;3;9.0;House of Cards
4;Chapter 43;4;9.4;House of Cards
4;Chapter 44;5;8.6;House of Cards
4;Chapter 45;6;8.7;House of Cards
4;Chapter 46;7;8.6;House of Cards
4;Chapter 47;8;8.3;House of Cards
4;Chapter 48;9;8.9;House of Cards
4;Chapter 49;10;9.4;House of Cards
4;Chapter 50;11;8.5;House of Cards
4;Chapter 51;12;8.9;House of Cards
4;Chapter 52;13;9.5;House of Cards
5;Chapter 53;1;8.4;House of Cards
5;Chapter 54;2;8.2;House of Cards
5;Chapter 55;3;8.2;House of Cards
5;Chapter 56;4;8.7;House of Cards
5;Chapter 57;5;8.1;House of Cards
5;Chapter 58;6;8.0;House of Cards
5;Chapter 59;7;8.5;House of Cards
5;Chapter 60;8;8.2;House of Cards
5;Chapter 61;9;8.1;House of Cards
5;Chapter 62;10;8.5;House of Cards
5;Chapter 63;11;8.5;House of Cards
5;Chapter 64;12;9.2;House of Cards
5;Chapter 65;13;8.5;House of Cards
6;Chapter 66;1;4.4;House of Cards
6;Chapter 67;2;4.3;House of Cards
6;Chapter 68;3;4.3;House of Cards
6;Chapter 69;4;4.4;House of Cards
6;Chapter 70;5;4.6;House of Cards
6;Chapter 71;6;4.3;House of Cards
6;Chapter 72;7;4.0;House of Cards
6;Chapter 73;8;2.6;House of Cards
1;The Original;1;8.7;Westworld
1;Chestnut;2;8.3;Westworld
1;The Stray;3;8.1;Westworld
1;Dissonance Theory;4;8.4;Westworld
1;Contrapasso;5;8.4;Westworld
1;The Adversary;6;8.6;Westworld
1;Trompe L'Oeil;7;9.2;Westworld
1;Trace Decay;8;8.4;Westworld
1;The Well-Tempered Clavier;9;9.1;Westworld
1;The Bicameral Mind;10;9.6;Westworld
2;Journey into Night;1;8.0;Westworld
2;Reunion;2;7.9;Westworld
2;Virtù e Fortuna;3;7.8;Westworld
2;The Riddle of the Sphinx;4;8.6;Westworld
2;Akane no Mai;5;7.8;Westworld
2;Phase Space;6;7.8;Westworld
2;Les Écorchés;7;8.0;Westworld
2;Kiksuya;8;8.8;Westworld
2;Vanishing Point;9;8.5;Westworld
2;The Passenger;10;8.5;Westworld
